{
    "sceneNodeList": [
        {
            "Ambient": {
                "w": 1.0,
                "x": 0.10000000149011612,
                "y": 0.10000000149011612,
                "z": 0.10000000149011612
            },
            "Diffuse": {
                "w": 1.0,
                "x": 1.0,
                "y": 1.0,
                "z": 1.0
            },
            "Emissive": {
                "w": 1.0,
                "x": 0.0,
                "y": 0.0,
                "z": 0.0
            },
            "Name": "SceneNode",
            "PitchYawRoll": {
                "x": 0.0,
                "y": -0.0,
                "z": 0.0
            },
            "Position": {
                "x": 0.0,
                "y": 0.0,
                "z": 0.0
            },
            "Size": {
                "x": 1.0,
                "y": 1.0,
                "z": 1.0
            },
            "Specular": {
                "w": 1.0,
                "x": 0.5,
                "y": 0.5,
                "z": 0.5
            },
            "SpecularPower": 32.0,
            "children": [
                {
                    "Ambient": {
                        "w": 1.0,
                        "x": 0.10000000149011612,
                        "y": 0.10000000149011612,
                        "z": 0.10000000149011612
                    },
                    "Diffuse": {
                        "w": 1.0,
                        "x": 1.0,
                        "y": 1.0,
                        "z": 1.0
                    },
                    "Emissive": {
                        "w": 1.0,
                        "x": 0.0,
                        "y": 0.0,
                        "z": 0.0
                    },
                    "MeshAsset": "Assets/Meshes/WestfallBarrel.obj",
                    "Name": "SceneNode",
                    "PitchYawRoll": {
                        "x": 0.0,
                        "y": -0.0,
                        "z": 0.0
                    },
                    "Position": {
                        "x": 6.499000072479248,
                        "y": 1.690999984741211,
                        "z": 6.4720001220703125
                    },
                    "Size": {
                        "x": 1.0,
                        "y": 1.0,
                        "z": 1.0
                    },
                    "Specular": {
                        "w": 1.0,
                        "x": 0.5,
                        "y": 0.5,
                        "z": 0.5
                    },
                    "SpecularPower": 32.0,
                    "TextureAsset": "Assets/Textures/WestfallBarrelTex.png",
                    "children": [],
                    "type": "MeshNode"
                },
                {
                    "Ambient": {
                        "w": 1.0,
                        "x": 0.10000000149011612,
                        "y": 0.10000000149011612,
                        "z": 0.10000000149011612
                    },
                    "Diffuse": {
                        "w": 1.0,
                        "x": 1.0,
                        "y": 1.0,
                        "z": 1.0
                    },
                    "Emissive": {
                        "w": 1.0,
                        "x": 0.0,
                        "y": 0.0,
                        "z": 0.0
                    },
                    "MeshAsset": "Assets/Meshes/ElwynnTreeStump.obj",
                    "Name": "SceneNode",
                    "PitchYawRoll": {
                        "x": -2.5895578861236572,
                        "y": 89.84051513671875,
                        "z": 7.910256385803223
                    },
                    "Position": {
                        "x": 6.7779998779296875,
                        "y": -8.269000053405762,
                        "z": 13.14799976348877
                    },
                    "Size": {
                        "x": 1.0,
                        "y": 1.0,
                        "z": 1.0
                    },
                    "Specular": {
                        "w": 1.0,
                        "x": 0.5,
                        "y": 0.5,
                        "z": 0.5
                    },
                    "SpecularPower": 32.0,
                    "TextureAsset": "Assets/Textures/ElwynnTreeStumpTex.png",
                    "children": [],
                    "type": "MeshNode"
                },
                {
                    "Ambient": {
                        "w": 1.0,
                        "x": 0.10000000149011612,
                        "y": 0.10000000149011612,
                        "z": 0.10000000149011612
                    },
                    "Diffuse": {
                        "w": 1.0,
                        "x": 1.0,
                        "y": 1.0,
                        "z": 1.0
                    },
                    "Emissive": {
                        "w": 1.0,
                        "x": 0.0,
                        "y": 0.0,
                        "z": 0.0
                    },
                    "MeshAsset": "Assets/Meshes/WestfallBarrel.obj",
                    "Name": "SceneNode",
                    "PitchYawRoll": {
                        "x": 10.098573684692383,
                        "y": -89.89164733886719,
                        "z": -3.9039223194122314
                    },
                    "Position": {
                        "x": 2.499000072479248,
                        "y": 1.996000051498413,
                        "z": -4.5279998779296875
                    },
                    "Size": {
                        "x": 1.0,
                        "y": 1.0,
                        "z": 1.0
                    },
                    "Specular": {
                        "w": 1.0,
                        "x": 0.5,
                        "y": 0.5,
                        "z": 0.5
                    },
                    "SpecularPower": 32.0,
                    "TextureAsset": "Assets/Textures/WestfallBarrelTex.png",
                    "children": [
                        {
                            "Ambient": {
                                "w": 1.0,
                                "x": 0.10000000149011612,
                                "y": 0.10000000149011612,
                                "z": 0.10000000149011612
                            },
                            "ConstantAttenuation": 1.0,
                            "Diffuse": {
                                "w": 1.0,
                                "x": 1.0,
                                "y": 1.0,
                                "z": 1.0
                            },
                            "Direction": {
                                "x": 0.0,
                                "y": 0.0,
                                "z": 0.0
                            },
                            "Emissive": {
                                "w": 1.0,
                                "x": 0.0,
                                "y": 0.0,
                                "z": 0.0
                            },
                            "FallOff": 0.0,
                            "LightPosition": {
                                "x": 0.0,
                                "y": 0.5,
                                "z": 0.0
                            },
                            "LightType": 1,
                            "LinearAttenuation": 0.14000000059604645,
                            "Name": "SceneNode",
                            "Phi": 0.0,
                            "PitchYawRoll": {
                                "x": 0.0,
                                "y": -0.0,
                                "z": 23.0
                            },
                            "Position": {
                                "x": 0.0,
                                "y": 0.5,